product,rows,mid_mean,mid_std,mid_min,mid_max,spread_mean,bid_depth_mean,ask_depth_mean
ASH_COATED_OSMIUM,30000,9983.870566666666,403.865354796008,0.0,10023.0,16.175227897554624,30.107366666666667,30.160733333333333
INTARIAN_PEPPER_ROOT,30000,11479.18875,993.1848317922102,0.0,13007.0,13.046698930944814,24.1425,24.2262
