product,rows,mid_mean,mid_std,mid_min,mid_max,spread_mean,bid_depth_mean,ask_depth_mean
ASH_COATED_OSMIUM,30000,10000.20605,5.349358739020648,9977.0,10023.0,16.175227897554624,30.107366666666667,30.160733333333333
INTARIAN_PEPPER_ROOT,30000,11499.9461,866.04783271845,9998.5,13007.0,13.046698930944814,24.1425,24.2262
