day,product,rows,mid_mean,mid_std,mid_min,mid_max,spread_mean,spread_min,spread_max,bid_depth_mean,ask_depth_mean,imbalance_mean,imbalance_std
-2,ASH_COATED_OSMIUM,10000,9980.1732,423.85776209951507,0.0,10019.0,16.14977685860455,5.0,21.0,30.1959,30.123,0.0010252313184297974,0.38634313439897533
-2,INTARIAN_PEPPER_ROOT,10000,10483.1636,509.2753397448217,0.0,11003.0,11.994791666666666,2.0,18.0,24.0909,24.2067,-0.0036320020670527575,0.3799115316026058
-1,ASH_COATED_OSMIUM,10000,9983.83255,412.03889712109867,0.0,10019.0,16.19132791327913,5.0,21.0,30.0639,30.1586,-0.0023426596332621463,0.3798272180713032
-1,INTARIAN_PEPPER_ROOT,10000,11480.48,554.6661521167739,0.0,12006.0,13.01225729471743,2.0,19.0,24.1629,24.2784,-0.003872198975806431,0.37845142768728207
0,ASH_COATED_OSMIUM,10000,9987.60595,374.02568905251064,0.0,10023.0,16.184467071057192,5.0,22.0,30.0623,30.2006,-0.0027646551923736565,0.3780057955880522
0,INTARIAN_PEPPER_ROOT,10000,12473.92265,640.8340241955202,0.0,13007.0,14.128715011347671,2.0,21.0,24.1737,24.1935,-0.0017883155203219127,0.37411454534425903
