day,product,rows,mid_mean,mid_std,mid_min,mid_max,spread_mean,spread_min,spread_max,bid_depth_mean,ask_depth_mean,imbalance_mean,imbalance_std
-2,ASH_COATED_OSMIUM,10000,9998.17375,5.220230935371204,9979.0,10019.0,16.14977685860455,5.0,21.0,30.1959,30.123,0.0010252313184297974,0.38634313439897533
-2,INTARIAN_PEPPER_ROOT,10000,10499.9436,288.70423365872716,9998.5,11003.0,11.994791666666666,2.0,18.0,24.0909,24.2067,-0.0036320020670527575,0.3799115316026058
-1,ASH_COATED_OSMIUM,10000,10000.8369,4.449098542145065,9982.0,10019.0,16.19132791327913,5.0,21.0,30.0639,30.1586,-0.0023426596332621463,0.3798272180713032
-1,INTARIAN_PEPPER_ROOT,10000,11499.9528,288.7200721289694,10995.0,12006.0,13.01225729471743,2.0,19.0,24.1629,24.2784,-0.003872198975806431,0.37845142768728207
0,ASH_COATED_OSMIUM,10000,10001.6075,5.684577837670231,9977.0,10023.0,16.184467071057192,5.0,22.0,30.0623,30.2006,-0.0027646551923736565,0.3780057955880522
0,INTARIAN_PEPPER_ROOT,10000,12499.9419,288.72224390891415,11994.0,13007.0,14.128715011347671,2.0,21.0,24.1737,24.1935,-0.0017883155203219127,0.37411454534425903
